source,buyer,buyer_unit,vendor,listed_company,description,amount,date,award_id,url
usaspending,Department of Defense,Department of the Army,BOSCH REXROTH CORPORATION,,THE BASE BID IS AWARDED AT THIS TIME.,2511016.78,2020-01-27,W912EK20P0032,https://www.usaspending.gov/award/CONT_AWD_W912EK20P0032_9700_-NONE-_-NONE-
usaspending,Department of Defense,Department of the Air Force,GRISWOLD INDUSTRIES,,AIR MOBILITY COMMAND (AMC) A4X REQUIRES A CONTRACT FOR 35 VIPER KITS AND FUELING HOSES THAT ARE INTEGRAL COMPONENTS OF THE PROPRIETARY VIPER KIT CONFIGURATION,2066518.64,2025-09-30,FA445225P0041,https://www.usaspending.gov/award/CONT_AWD_FA445225P0041_9700_-NONE-_-NONE-
usaspending,Department of Defense,Defense Logistics Agency,"ELKHART BRASS MANUFACTURING COMPANY, LLC",,"8511901108!NOZZLE,FIRE EQUIPME",886000.0,2026-02-04,SPE8E926F0051,https://www.usaspending.gov/award/CONT_AWD_SPE8E926F0051_9700_SPE8E926D0005_9700
usaspending,Department of Defense,Defense Logistics Agency,"ELKHART BRASS MANUFACTURING COMPANY, LLC",,"8511884115!NOZZLE,FIRE EQUIPME",886000.0,2026-01-27,SPE8E926F0048,https://www.usaspending.gov/award/CONT_AWD_SPE8E926F0048_9700_SPE8E926D0005_9700
usaspending,Department of Defense,Defense Logistics Agency,"HOOSIER INDUSTRIAL SUPPLY, INC",,"8511468052!VALVE,REGULATING,FL",746141.5,2025-07-10,SPE7MC25P2213,https://www.usaspending.gov/award/CONT_AWD_SPE7MC25P2213_9700_-NONE-_-NONE-
usaspending,Department of Defense,Department of the Navy,W S DARLEY & CO,,"PUMP UNIT,CENTRIFUG",663850.0,2024-08-07,N0010424PLD68,https://www.usaspending.gov/award/CONT_AWD_N0010424PLD68_9700_-NONE-_-NONE-
usaspending,Department of Defense,Defense Logistics Agency,"AAR SUPPLY CHAIN, INC",,"8511415717!SWITCH,PRESSURE",628920.51,2025-06-04,SPE7M825C0004,https://www.usaspending.gov/award/CONT_AWD_SPE7M825C0004_9700_-NONE-_-NONE-
usaspending,Department of Defense,Defense Contract Management Agency,"REXNORD INDUSTRIES, LLC",,"BEARING ASSY, SPCL SEPA",624934.25,2024-05-16,N0010424PZA83,https://www.usaspending.gov/award/CONT_AWD_N0010424PZA83_9700_-NONE-_-NONE-
usaspending,Department of Defense,Defense Logistics Agency,"AAR SUPPLY CHAIN, INC",,"8510536356!COUPLING ASSEMBLY,QUICK DISCO",583508.42,2024-04-03,SPE7M424P2376,https://www.usaspending.gov/award/CONT_AWD_SPE7M424P2376_9700_-NONE-_-NONE-
usaspending,Department of Defense,Department of the Navy,EVAC NORTH AMERICA INC,,"SEPA VALVE,FLOW CONTROL",544000.0,2025-08-20,N0010425PJD12,https://www.usaspending.gov/award/CONT_AWD_N0010425PJD12_9700_-NONE-_-NONE-
usaspending,Department of Defense,Department of the Navy,"BALLCO MANUFACTURING COMPANY, INC.",,"EAF  PARTS KIT,VALVE",498400.0,2026-05-21,N0010426PZA97,https://www.usaspending.gov/award/CONT_AWD_N0010426PZA97_9700_-NONE-_-NONE-
usaspending,Department of Defense,Defense Logistics Agency,"ELKHART BRASS MANUFACTURING COMPANY, LLC",,"8511958152!NOZZLE,FIRE EQUIPME",478440.0,2026-03-04,SPE8E926F0058,https://www.usaspending.gov/award/CONT_AWD_SPE8E926F0058_9700_SPE8E926D0005_9700
usaspending,Department of Defense,Defense Logistics Agency,"ELKHART BRASS MANUFACTURING COMPANY, LLC",,"8511887488!NOZZLE,FIRE EQUIPME",443000.0,2026-01-28,SPE8E926F0049,https://www.usaspending.gov/award/CONT_AWD_SPE8E926F0049_9700_SPE8E926D0005_9700
usaspending,Department of Defense,Department of the Navy,BOWMAR LLC,,"DATA BOX,CABLE",442022.9,2024-09-03,N0010424PNC52,https://www.usaspending.gov/award/CONT_AWD_N0010424PNC52_9700_-NONE-_-NONE-
usaspending,Department of Defense,Defense Logistics Agency,BLUE CORD LOGISTIC STRATEGIES INC,,"8511024278!VALVE,REGULATING,FL",428856.0,2024-11-18,SPE7L125P1444,https://www.usaspending.gov/award/CONT_AWD_SPE7L125P1444_9700_-NONE-_-NONE-
usaspending,Department of Defense,Department of the Navy,VERTEX MODERNIZATION AND SUSTAINMENT LLC,,"CONVERTER,FREQUENCY",408252.0,2025-08-20,N0010425PSB56,https://www.usaspending.gov/award/CONT_AWD_N0010425PSB56_9700_-NONE-_-NONE-
usaspending,Department of Defense,Department of the Navy,"BALLCO MANUFACTURING COMPANY, INC.",,"PARTS KIT,BALL VALV",348700.0,2025-04-29,N0010425PFC27,https://www.usaspending.gov/award/CONT_AWD_N0010425PFC27_9700_-NONE-_-NONE-
usaspending,Department of Defense,Department of the Navy,PRODUCT PLANNING INC,,ECV SUBASSY,334640.0,2024-03-19,N6660424P0309,https://www.usaspending.gov/award/CONT_AWD_N6660424P0309_9700_-NONE-_-NONE-
usaspending,Department of Defense,Defense Logistics Agency,EVAC NORTH AMERICA INC,,"8511832931!VALVE,BALL",305394.4,2025-12-23,SPE7M126F1316,https://www.usaspending.gov/award/CONT_AWD_SPE7M126F1316_9700_SPE7MX22D0021_9700
usaspending,Department of Defense,Defense Logistics Agency,HYDRO-THERM INC,,"8511691871!NOZZLE,FIRE EQUIPME",302100.0,2025-10-14,SPE8E926P0066,https://www.usaspending.gov/award/CONT_AWD_SPE8E926P0066_9700_-NONE-_-NONE-
usaspending,Department of Defense,Defense Logistics Agency,SUPLIAEREOS USA LLC,,"8511076084!NOZZLE,FIRE EQUIPME",294000.0,2024-12-13,SPE8E925P0294,https://www.usaspending.gov/award/CONT_AWD_SPE8E925P0294_9700_-NONE-_-NONE-
usaspending,Department of Defense,Defense Logistics Agency,"HOOSIER INDUSTRIAL SUPPLY, INC",,"8511382462!VALVE, REGULATING, FL",263174.0,2025-05-15,SPE7M125P6914,https://www.usaspending.gov/award/CONT_AWD_SPE7M125P6914_9700_-NONE-_-NONE-
usaspending,Department of Defense,Defense Logistics Agency,"AAR SUPPLY CHAIN, INC",,"8509265438!VALVE,CHECK",262431.52,2022-08-23,SPE7M422P4022,https://www.usaspending.gov/award/CONT_AWD_SPE7M422P4022_9700_-NONE-_-NONE-
usaspending,Department of Defense,Defense Logistics Agency,BLUE CORD LOGISTIC STRATEGIES INC,,"8511897614!VALVE,SAFETY RELIEF",256265.9,2026-02-03,SPE7MC26P1506,https://www.usaspending.gov/award/CONT_AWD_SPE7MC26P1506_9700_-NONE-_-NONE-
usaspending,Department of Defense,Defense Logistics Agency,EVAC NORTH AMERICA INC,,"8511977576!VALVE,BALL",249153.66,2026-03-26,SPE7MC26V1820,https://www.usaspending.gov/award/CONT_AWD_SPE7MC26V1820_9700_-NONE-_-NONE-
usaspending,Department of Defense,Defense Logistics Agency,EVAC NORTH AMERICA INC,,"8511624139!VALVE,BALL",244315.52,2025-09-08,SPE7M125F3132,https://www.usaspending.gov/award/CONT_AWD_SPE7M125F3132_9700_SPE7MX22D0021_9700
usaspending,Department of Defense,Defense Logistics Agency,ROSS DEVELOPMENT INC.,,"8509257694!VALVE,CHECK",224577.06,2022-07-25,SPE7MC22P3856,https://www.usaspending.gov/award/CONT_AWD_SPE7MC22P3856_9700_-NONE-_-NONE-
usaspending,Department of Defense,Defense Logistics Agency,BLUE CORD LOGISTIC STRATEGIES INC,,"8510853673!VALVE,ROTARY,SELECT",223974.0,2024-08-28,SPE7MC24P2371,https://www.usaspending.gov/award/CONT_AWD_SPE7MC24P2371_9700_-NONE-_-NONE-
usaspending,Department of Defense,Defense Logistics Agency,OPTIPLEX LLC,,"8511913034!VALVE,SOLENOID",220500.0,2026-02-10,SPE7M226V1868,https://www.usaspending.gov/award/CONT_AWD_SPE7M226V1868_9700_-NONE-_-NONE-
usaspending,Department of Defense,Defense Logistics Agency,STATZ CORP,,"8510388109!NOZZLE,FIRE EQUIPME",218175.0,2024-01-18,SPE8E624CF005,https://www.usaspending.gov/award/CONT_AWD_SPE8E624CF005_9700_-NONE-_-NONE-
usaspending,Department of Defense,Defense Logistics Agency,BLUE CORD LOGISTIC STRATEGIES INC,,"8510321296!VALVE,SAFETY RELIEF",215600.0,2023-12-11,SPE7MC24P0548,https://www.usaspending.gov/award/CONT_AWD_SPE7MC24P0548_9700_-NONE-_-NONE-
usaspending,Department of Defense,Department of the Navy,"BALLCO MANUFACTURING COMPANY, INC.",,"PARTS KIT,BALL VALV",209400.0,2026-05-05,N0010426PZA65,https://www.usaspending.gov/award/CONT_AWD_N0010426PZA65_9700_-NONE-_-NONE-
usaspending,Department of Defense,Defense Logistics Agency,"HOOSIER INDUSTRIAL SUPPLY, INC",,"8510883289!VALVE,REGULATING,FL",208300.0,2024-09-11,SPE7MC24P2482,https://www.usaspending.gov/award/CONT_AWD_SPE7MC24P2482_9700_-NONE-_-NONE-
usaspending,Department of Defense,Defense Logistics Agency,BLUE CORD LOGISTIC STRATEGIES INC,,"8510772479!VALVE,CHECK",199716.3,2024-07-23,SPE7M524P6239,https://www.usaspending.gov/award/CONT_AWD_SPE7M524P6239_9700_-NONE-_-NONE-
usaspending,Department of Defense,Defense Logistics Agency,"HOOSIER INDUSTRIAL SUPPLY, INC",,"8511514444!SEAT,VALVE",194787.0,2025-07-18,SPE7M025V8101,https://www.usaspending.gov/award/CONT_AWD_SPE7M025V8101_9700_-NONE-_-NONE-
usaspending,Department of Defense,Defense Contract Management Agency,"BALLCO MANUFACTURING COMPANY, INC.",,"PARTS KIT,BALL VALV",189500.0,2024-07-08,N0010424PFC99,https://www.usaspending.gov/award/CONT_AWD_N0010424PFC99_9700_-NONE-_-NONE-
usaspending,Department of Defense,Defense Logistics Agency,"ELKHART BRASS MANUFACTURING COMPANY, LLC",,"8509809489!NOZZLE,FIRE EQUIPME",186615.0,2023-04-05,SPE8E923F0127,https://www.usaspending.gov/award/CONT_AWD_SPE8E923F0127_9700_SPE8E920D0007_9700
usaspending,Department of Defense,Defense Logistics Agency,"ELKHART BRASS MANUFACTURING COMPANY, LLC",,"8509556794!NOZZLE,FIRE EQUIPME",186615.0,2022-11-30,SPE8E923F0060,https://www.usaspending.gov/award/CONT_AWD_SPE8E923F0060_9700_SPE8E920D0007_9700
usaspending,Department of Defense,Defense Logistics Agency,"ELKHART BRASS MANUFACTURING COMPANY, LLC",,"8509528235!NOZZLE,FIRE EQUIPME",186615.0,2022-11-16,SPE8E923F0040,https://www.usaspending.gov/award/CONT_AWD_SPE8E923F0040_9700_SPE8E920D0007_9700
usaspending,Department of Defense,Defense Logistics Agency,"HOOSIER INDUSTRIAL SUPPLY, INC",,"8511121418!SLEEVE ASSEMBLY,VAL",181792.0,2025-01-14,SPE7M425P1836,https://www.usaspending.gov/award/CONT_AWD_SPE7M425P1836_9700_-NONE-_-NONE-
usaspending,Department of Defense,Defense Logistics Agency,"HOOSIER INDUSTRIAL SUPPLY, INC",,"8512076510!VALVE,SOLENOID",179928.0,2026-04-29,SPE7M026V3326,https://www.usaspending.gov/award/CONT_AWD_SPE7M026V3326_9700_-NONE-_-NONE-
usaspending,Department of Defense,Defense Logistics Agency,HUPP & ASSOCIATES INC,,"8508624037!VALVE,GATE",174758.85,2021-10-19,SPE7M422P0300,https://www.usaspending.gov/award/CONT_AWD_SPE7M422P0300_9700_-NONE-_-NONE-
usaspending,Department of Defense,Defense Logistics Agency,EVAC NORTH AMERICA INC,,8511375140!BACKPLATE ASSEMBLY,173506.5,2025-05-12,SPE8E825F0373,https://www.usaspending.gov/award/CONT_AWD_SPE8E825F0373_9700_SPE8E824D0002_9700
usaspending,Department of Defense,Defense Logistics Agency,"ELKHART BRASS MANUFACTURING COMPANY, LLC",,"8508967232!NOZZLE,FIRE EQUIPME",169650.0,2022-03-23,SPE8E922F0090,https://www.usaspending.gov/award/CONT_AWD_SPE8E922F0090_9700_SPE8E920D0007_9700
usaspending,Department of Defense,Defense Logistics Agency,"ELKHART BRASS MANUFACTURING COMPANY, LLC",,"8508686207!NOZZLE,FIRE EQUIPME",169650.0,2021-11-17,SPE8E922F0029,https://www.usaspending.gov/award/CONT_AWD_SPE8E922F0029_9700_SPE8E920D0007_9700
usaspending,Department of Defense,Defense Logistics Agency,"ELKHART BRASS MANUFACTURING COMPANY, LLC",,"8508553463!NOZZLE,FIRE EQUIPME",169650.0,2021-09-24,SPE8E921F0358,https://www.usaspending.gov/award/CONT_AWD_SPE8E921F0358_9700_SPE8E920D0007_9700
usaspending,Department of Defense,Defense Logistics Agency,"ELKHART BRASS MANUFACTURING COMPANY, LLC",,"8508262266!NOZZLE,FIRE EQUIPME",169650.0,2021-06-02,SPE8E921F0250,https://www.usaspending.gov/award/CONT_AWD_SPE8E921F0250_9700_SPE8E920D0007_9700
usaspending,Department of Defense,Defense Logistics Agency,BLUE CORD LOGISTIC STRATEGIES INC,,"8510672450!VALVE,SAFETY RELIEF",167878.0,2024-06-03,SPE7MC24P1747,https://www.usaspending.gov/award/CONT_AWD_SPE7MC24P1747_9700_-NONE-_-NONE-
usaspending,Department of Defense,Defense Logistics Agency,JANELS INDUSTRIES INC,,"8510770489!VALVE, FLOW CONTROL",160140.0,2024-07-29,SPE7M124P8774,https://www.usaspending.gov/award/CONT_AWD_SPE7M124P8774_9700_-NONE-_-NONE-
usaspending,Department of Defense,Defense Logistics Agency,BLUE CORD LOGISTIC STRATEGIES INC,,"8511201060!VALVE,REGULATING,FL",159210.0,2025-02-20,SPE7M525P2619,https://www.usaspending.gov/award/CONT_AWD_SPE7M525P2619_9700_-NONE-_-NONE-
usaspending,Department of Defense,Defense Logistics Agency,"AAR SUPPLY CHAIN, INC",,"INDICATOR,PRESSURE",158810.0,2026-02-02,SPRPA126PUA24,https://www.usaspending.gov/award/CONT_AWD_SPRPA126PUA24_9700_-NONE-_-NONE-
usaspending,Department of Defense,Defense Logistics Agency,"HOOSIER INDUSTRIAL SUPPLY, INC",,"8511449793!VALVE,SAFETY RELIEF",157671.6,2025-06-17,SPE7MC25P2153,https://www.usaspending.gov/award/CONT_AWD_SPE7MC25P2153_9700_-NONE-_-NONE-
usaspending,Department of Defense,Defense Logistics Agency,"AAR SUPPLY CHAIN, INC",,"8508897139!VALVE,SOLENOID",155548.0,2022-02-23,SPE7MX22F019H,https://www.usaspending.gov/award/CONT_AWD_SPE7MX22F019H_9700_SPE4A517D0038_9700
usaspending,Department of Defense,Defense Logistics Agency,"GTA CONTAINERS, LLC",,"8511929370!VALVE,BALL",149493.76,2026-02-23,SPE7MC26P1702,https://www.usaspending.gov/award/CONT_AWD_SPE7MC26P1702_9700_-NONE-_-NONE-
usaspending,Department of Defense,Department of the Navy,"HY-TEK MANUFACTURING CO., INC.",,"ROLLER ASSY,TANDEM",147099.95,2022-03-03,N0010422PLB09,https://www.usaspending.gov/award/CONT_AWD_N0010422PLB09_9700_-NONE-_-NONE-
usaspending,Department of Defense,Defense Logistics Agency,EVAC NORTH AMERICA INC,,"8511804823!PARTS KIT,BALL VALV",147031.5,2025-12-10,SPE7M126F1066,https://www.usaspending.gov/award/CONT_AWD_SPE7M126F1066_9700_SPE7MX22D0021_9700
usaspending,Department of Defense,Department of the Navy,"WOODWARD, INC.",,"SENSOR,CONTROL",145180.0,2026-06-05,N0010426PUA96,https://www.usaspending.gov/award/CONT_AWD_N0010426PUA96_9700_-NONE-_-NONE-
usaspending,Department of Defense,Defense Logistics Agency,"BECKER AND ASSOCIATES, INC.",,"8510174416!NOZZLE,FUEL AND OIL",144000.0,2023-09-26,SPE8E923V2824,https://www.usaspending.gov/award/CONT_AWD_SPE8E923V2824_9700_-NONE-_-NONE-
usaspending,Department of Defense,Defense Logistics Agency,"HOOSIER INDUSTRIAL SUPPLY, INC",,"8509985222!VALVE,FLOW CONTROL",143101.4,2023-06-29,SPE7M223P3534,https://www.usaspending.gov/award/CONT_AWD_SPE7M223P3534_9700_-NONE-_-NONE-
usaspending,Department of Defense,Defense Logistics Agency,"AAR SUPPLY CHAIN, INC",,"8507864260!VALVE,CHECK",142933.05,2020-12-15,SPE7M421P0354,https://www.usaspending.gov/award/CONT_AWD_SPE7M421P0354_9700_-NONE-_-NONE-
usaspending,Department of Defense,Defense Logistics Agency,"HOOSIER INDUSTRIAL SUPPLY, INC",,"8511112614!VALVE,SOLENOID",138060.0,2025-01-08,SPE7MC25P0854,https://www.usaspending.gov/award/CONT_AWD_SPE7MC25P0854_9700_-NONE-_-NONE-
usaspending,Department of Defense,Department of the Navy,"BALLCO MANUFACTURING COMPANY, INC.",,"PARTS KIT,BALL VALV",138000.0,2025-07-11,N0010425PZB24,https://www.usaspending.gov/award/CONT_AWD_N0010425PZB24_9700_-NONE-_-NONE-
usaspending,Department of Defense,Department of the Navy,"BALLCO MANUFACTURING COMPANY, INC.",,BALL & SEAT SET,137850.0,2024-03-06,N0010424PFB51,https://www.usaspending.gov/award/CONT_AWD_N0010424PFB51_9700_-NONE-_-NONE-
usaspending,Department of Defense,Defense Logistics Agency,"AAR SUPPLY CHAIN, INC",,"8508848254!SWITCH,PRESSURE",137281.07,2022-02-04,SPE7M822P1733,https://www.usaspending.gov/award/CONT_AWD_SPE7M822P1733_9700_-NONE-_-NONE-
usaspending,Department of Defense,Defense Logistics Agency,EVAC NORTH AMERICA INC,,8511258271!BACKPLATE ASSEMBLY,136491.78,2025-03-19,SPE8E825F0205,https://www.usaspending.gov/award/CONT_AWD_SPE8E825F0205_9700_SPE8E824D0002_9700
usaspending,Department of Defense,Department of the Navy,"BALLCO MANUFACTURING COMPANY, INC.",,"PARTS KIT,BALL VALV",135450.0,2025-12-31,N0010426PFA96,https://www.usaspending.gov/award/CONT_AWD_N0010426PFA96_9700_-NONE-_-NONE-
usaspending,Department of Defense,Defense Logistics Agency,"HOOSIER INDUSTRIAL SUPPLY, INC",,"8511694537!SEAT,VALVE",132165.25,2025-10-15,SPE7MC26P0227,https://www.usaspending.gov/award/CONT_AWD_SPE7MC26P0227_9700_-NONE-_-NONE-
usaspending,Department of Defense,Department of the Navy,RENK SYSTEMS CORP,,COOLER OIL/SEAWATER,131521.23,2023-01-10,N0010423PJB77,https://www.usaspending.gov/award/CONT_AWD_N0010423PJB77_9700_-NONE-_-NONE-
usaspending,Department of Defense,Defense Logistics Agency,EVAC NORTH AMERICA INC,,"8511477392!VALVE,BALL",122157.76,2025-07-01,SPE7M125F2464,https://www.usaspending.gov/award/CONT_AWD_SPE7M125F2464_9700_SPE7MX22D0021_9700
usaspending,Department of Defense,Defense Logistics Agency,"AAR SUPPLY CHAIN, INC",,"8508716426!VALVE,CHECK",121122.24,2021-12-08,SPE7M422P0580,https://www.usaspending.gov/award/CONT_AWD_SPE7M422P0580_9700_-NONE-_-NONE-
usaspending,Department of Defense,Defense Logistics Agency,EVAC NORTH AMERICA INC,,"8511242495!SEAL ASSEMBLY,SHAFT",119356.5,2025-03-12,SPE7M125F1210,https://www.usaspending.gov/award/CONT_AWD_SPE7M125F1210_9700_SPE7MX22D0021_9700
usaspending,Department of Defense,Defense Logistics Agency,EVAC NORTH AMERICA INC,,"8511701399!SEAL ASSEMBLY,SHAFT",115462.62,2025-10-15,SPE7M126F0216,https://www.usaspending.gov/award/CONT_AWD_SPE7M126F0216_9700_SPE7MX22D0021_9700
usaspending,Department of Defense,Defense Logistics Agency,GOVPARTS LLC,,"8510499140!VALVE,FLOW CONTROL",114240.0,2024-03-11,SPE7MC24V4124,https://www.usaspending.gov/award/CONT_AWD_SPE7MC24V4124_9700_-NONE-_-NONE-
usaspending,Department of Defense,Defense Logistics Agency,BURHANI ENTERPRISES INC,,"8510993985!TRAP,STEAM",113076.0,2024-11-01,SPE7M225P0450,https://www.usaspending.gov/award/CONT_AWD_SPE7M225P0450_9700_-NONE-_-NONE-
usaspending,Department of Defense,Defense Logistics Agency,EVAC NORTH AMERICA INC,,"8511621868!SEAL ASSEMBLY,SHAFT",112990.82,2025-09-05,SPE7M125F3124,https://www.usaspending.gov/award/CONT_AWD_SPE7M125F3124_9700_SPE7MX22D0021_9700
usaspending,Department of Defense,Defense Logistics Agency,EVAC NORTH AMERICA INC,,"8511216018!VALVE,CHECK",112878.08,2025-02-27,SPE7M125F1152,https://www.usaspending.gov/award/CONT_AWD_SPE7M125F1152_9700_SPE7MX22D0021_9700
usaspending,Department of Defense,Defense Logistics Agency,"SZCZYPSKI, MICHAEL",,"8509797899!BODY,VALVE",112489.4,2023-03-29,SPE7MC23V3936,https://www.usaspending.gov/award/CONT_AWD_SPE7MC23V3936_9700_-NONE-_-NONE-
usaspending,Department of Defense,Defense Logistics Agency,EVAC NORTH AMERICA INC,,8511213031!BACKPLATE ASSEMBLY,112200.87,2025-02-26,SPE8E825F0173,https://www.usaspending.gov/award/CONT_AWD_SPE8E825F0173_9700_SPE8E824D0002_9700
usaspending,Department of Defense,Defense Logistics Agency,FBC ENTERPRISES LLC,,"8510440294!MANIFOLD ASSEMBLY,H",111992.51,2024-02-12,SPE7M324P0989,https://www.usaspending.gov/award/CONT_AWD_SPE7M324P0989_9700_-NONE-_-NONE-
usaspending,Department of Defense,Department of the Navy,"BALLCO MANUFACTURING COMPANY, INC.",,REPAIR 70 BALL VALVE PARTS KITS,111825.0,2020-02-18,N0010420PFB20,https://www.usaspending.gov/award/CONT_AWD_N0010420PFB20_9700_-NONE-_-NONE-
usaspending,Department of Defense,Defense Logistics Agency,"HOOSIER INDUSTRIAL SUPPLY, INC",,"8511546145!VALVE,FLOW CONTROL",111803.04,2025-08-01,SPE7MC25V5209,https://www.usaspending.gov/award/CONT_AWD_SPE7MC25V5209_9700_-NONE-_-NONE-
usaspending,Department of Defense,Defense Logistics Agency,BLUE CORD LOGISTIC STRATEGIES INC,,"8511579592!VALVE,SAFETY RELIEF",109714.8,2025-08-21,SPE7MC25P2601,https://www.usaspending.gov/award/CONT_AWD_SPE7MC25P2601_9700_-NONE-_-NONE-
usaspending,Department of Defense,Defense Logistics Agency,"AAR SUPPLY CHAIN, INC",,"8508849519!VALVE,CHECK",109554.15,2022-02-04,SPE7M422P1465,https://www.usaspending.gov/award/CONT_AWD_SPE7M422P1465_9700_-NONE-_-NONE-
usaspending,Department of Defense,Defense Logistics Agency,"HOOSIER INDUSTRIAL SUPPLY, INC",,"8510193934!VALVE,SAFETY RELIEF",108450.0,2023-10-06,SPE7MC24P0094,https://www.usaspending.gov/award/CONT_AWD_SPE7MC24P0094_9700_-NONE-_-NONE-
usaspending,Department of Defense,Defense Logistics Agency,EVAC NORTH AMERICA INC,,"8511282478!VALVE,FLOW CONTROL",107768.4,2025-03-28,SPE7M125F1476,https://www.usaspending.gov/award/CONT_AWD_SPE7M125F1476_9700_SPE7MX22D0021_9700
usaspending,Department of Defense,Defense Logistics Agency,BLUE CORD LOGISTIC STRATEGIES INC,,"8511548316!VALVE,CHECK",107156.4,2025-08-06,SPE7MC25P2496,https://www.usaspending.gov/award/CONT_AWD_SPE7MC25P2496_9700_-NONE-_-NONE-
usaspending,Department of Defense,Defense Logistics Agency,RENK SYSTEMS CORP,,"8508839082!VALVE,REGULATING,SY",106619.4,2022-02-01,SPE7M522P3421,https://www.usaspending.gov/award/CONT_AWD_SPE7M522P3421_9700_-NONE-_-NONE-
usaspending,Department of Defense,Defense Logistics Agency,BLUE CORD LOGISTIC STRATEGIES INC,,"8511162753!VALVE,REGULATING,FL",106140.0,2025-02-03,SPE7M225V1448,https://www.usaspending.gov/award/CONT_AWD_SPE7M225V1448_9700_-NONE-_-NONE-
usaspending,Department of Defense,Defense Logistics Agency,Z AND K SERVICES INC.,,"8511871934!VALVE,GLOBE",102455.0,2026-01-21,SPE7M126P3372,https://www.usaspending.gov/award/CONT_AWD_SPE7M126P3372_9700_-NONE-_-NONE-
usaspending,Department of Defense,Defense Logistics Agency,"HOOSIER INDUSTRIAL SUPPLY, INC",,"8511705200!VALVE,SOLENOID",102110.12,2025-10-27,SPE7MC26P0306,https://www.usaspending.gov/award/CONT_AWD_SPE7MC26P0306_9700_-NONE-_-NONE-
usaspending,Department of Defense,Defense Logistics Agency,"AAR SUPPLY CHAIN, INC",,"8508297604!VALVE,CHECK",100935.2,2021-07-07,SPE7M421P1486,https://www.usaspending.gov/award/CONT_AWD_SPE7M421P1486_9700_-NONE-_-NONE-
usaspending,Department of Defense,Defense Logistics Agency,EVAC NORTH AMERICA INC,,8511509223!VALVE ASSEMBLY,99000.0,2025-07-17,SPE7M125F2588,https://www.usaspending.gov/award/CONT_AWD_SPE7M125F2588_9700_SPE7MX22D0021_9700
usaspending,Department of Defense,Defense Logistics Agency,"HOOSIER INDUSTRIAL SUPPLY, INC",,"8508776372!VALVE,VACUUM BREAKI",97320.0,2022-01-04,SPE7M422P0935,https://www.usaspending.gov/award/CONT_AWD_SPE7M422P0935_9700_-NONE-_-NONE-
usaspending,Department of Defense,Defense Logistics Agency,"SZCZYPSKI, MICHAEL",,"8511707363!REPAIR KIT,VALVE",94486.7,2025-10-27,SPE7MC26P0320,https://www.usaspending.gov/award/CONT_AWD_SPE7MC26P0320_9700_-NONE-_-NONE-
usaspending,Department of Defense,Defense Logistics Agency,"AAR SUPPLY CHAIN, INC",,"8508870567!VALVE,SOLENOID",93328.8,2022-02-14,SPE7MX22F9359,https://www.usaspending.gov/award/CONT_AWD_SPE7MX22F9359_9700_SPE4A517D0038_9700
usaspending,Department of Defense,Defense Logistics Agency,BLUE CORD LOGISTIC STRATEGIES INC,,"8510905309!VALVE,SAFETY RELIEF",92332.9,2024-09-19,SPE7M124PA521,https://www.usaspending.gov/award/CONT_AWD_SPE7M124PA521_9700_-NONE-_-NONE-
usaspending,Department of Defense,Defense Logistics Agency,EVAC NORTH AMERICA INC,,"8511645209!VALVE,BALL",91618.32,2025-09-16,SPE7M125F3212,https://www.usaspending.gov/award/CONT_AWD_SPE7M125F3212_9700_SPE7MX22D0021_9700
usaspending,Department of Defense,Defense Logistics Agency,EVAC NORTH AMERICA INC,,"8511245162!VALVE,BALL",91618.32,2025-03-13,SPE7M125F1251,https://www.usaspending.gov/award/CONT_AWD_SPE7M125F1251_9700_SPE7MX22D0021_9700
usaspending,Department of Defense,Defense Logistics Agency,AM GENERAL LLC,,"8511472498!VALVE,SOLENOID",91089.93,2025-06-30,SPE7MC25P2228,https://www.usaspending.gov/award/CONT_AWD_SPE7MC25P2228_9700_-NONE-_-NONE-
usaspending,Department of Defense,Defense Logistics Agency,"WOMACK MACHINE SUPPLY CO., LLC",,"8510277792!MANIFOLD ASSEMBLY,H",90910.15,2024-06-03,SPE7M324P0437,https://www.usaspending.gov/award/CONT_AWD_SPE7M324P0437_9700_-NONE-_-NONE-
